Detailed;;;;;;;
Position X;Position Y;Position Z;Unit;Category;Collection;Time;ID
1334,38;769,34;3632,37;um;Spot;Position;1;0
1458,12;949,24;3622,20;um;Spot;Position;1;1
1657,48;1009,74;3624,36;um;Spot;Position;1;2
1655,67;1000,01;3630,93;um;Spot;Position;1;3
1650,39;1006,42;3628,72;um;Spot;Position;1;4
1647,15;1023,34;3628,91;um;Spot;Position;1;5
1458,33;949,57;3634,24;um;Spot;Position;1;6
1648,19;1010,42;3631,94;um;Spot;Position;1;7
984,80;814,20;3682,67;um;Spot;Position;1;8
973,86;809,45;3688,26;um;Spot;Position;1;9
1334,65;769,41;3642,71;um;Spot;Position;1;10
1330,43;640,97;3659,75;um;Spot;Position;1;11
1233,67;689,75;3661,64;um;Spot;Position;1;12
1284,75;604,96;3666,18;um;Spot;Position;1;13
1172,25;694,51;3665,46;um;Spot;Position;1;14
1233,93;689,77;3673,50;um;Spot;Position;1;15
1172,38;694,96;3677,24;um;Spot;Position;1;16
1394,58;815,22;3644,78;um;Spot;Position;1;17
1619,26;827,93;3644,02;um;Spot;Position;1;18
1620,88;818,79;3647,42;um;Spot;Position;1;19
1620,06;822,79;3647,18;um;Spot;Position;1;20
1620,33;822,98;3655,85;um;Spot;Position;1;21
1619,57;828,40;3655,52;um;Spot;Position;1;22
1587,83;647,38;3673,28;um;Spot;Position;1;23
1638,67;793,82;3677,84;um;Spot;Position;1;24
686,09;1017,19;3693,52;um;Spot;Position;1;25
805,07;999,77;3695,61;um;Spot;Position;1;26
590,90;1010,78;3695,92;um;Spot;Position;1;27
1034,41;841,99;3648,26;um;Spot;Position;1;28
944,97;924,48;3654,88;um;Spot;Position;1;29
992,87;871,46;3671,96;um;Spot;Position;1;30
957,39;861,49;3687,20;um;Spot;Position;1;31
959,80;898,69;3685,05;um;Spot;Position;1;32
911,11;921,90;3689,59;um;Spot;Position;1;33
928,84;928,08;3690,43;um;Spot;Position;1;34
921,95;930,39;3690,45;um;Spot;Position;1;35
909,08;867,15;3691,41;um;Spot;Position;1;36
911,03;907,05;3691,53;um;Spot;Position;1;37
917,85;909,86;3692,95;um;Spot;Position;1;38
1019,34;952,24;3692,48;um;Spot;Position;1;39
906,74;898,79;3696,45;um;Spot;Position;1;40
909,64;954,97;3696,59;um;Spot;Position;1;41
906,19;962,26;3697,73;um;Spot;Position;1;42
1138,89;883,89;3666,99;um;Spot;Position;1;43
1362,42;930,77;3670,03;um;Spot;Position;1;44
1179,24;1012,72;3671,09;um;Spot;Position;1;45
1139,68;884,59;3681,35;um;Spot;Position;1;46
1362,50;931,35;3680,31;um;Spot;Position;1;47
1221,79;902,17;3689,10;um;Spot;Position;1;48
1255,44;896,86;3698,12;um;Spot;Position;1;49
1221,97;902,45;3698,55;um;Spot;Position;1;50
1613,97;830,50;3640,46;um;Spot;Position;1;51
1607,75;864,56;3641,49;um;Spot;Position;1;52
1605,70;872,80;3640,16;um;Spot;Position;1;53
1656,11;1000,51;3641,78;um;Spot;Position;1;54
1652,51;1005,76;3641,89;um;Spot;Position;1;55
1657,16;1006,51;3641,90;um;Spot;Position;1;56
1647,70;1024,97;3641,29;um;Spot;Position;1;57
1593,17;874,49;3644,18;um;Spot;Position;1;58
1428,14;927,66;3644,17;um;Spot;Position;1;59
1606,20;872,89;3646,33;um;Spot;Position;1;60
1593,23;944,89;3647,10;um;Spot;Position;1;61
1607,90;865,12;3650,99;um;Spot;Position;1;62
1593,08;874,81;3655,57;um;Spot;Position;1;63
1428,38;928,02;3655,64;um;Spot;Position;1;64
1593,48;945,41;3655,84;um;Spot;Position;1;65
1642,20;1002,04;3654,41;um;Spot;Position;1;66
1651,20;1005,82;3655,08;um;Spot;Position;1;67
1642,68;1002,59;3661,31;um;Spot;Position;1;68
1650,86;1006,22;3663,99;um;Spot;Position;1;69
1637,64;960,78;3666,02;um;Spot;Position;1;70
1681,24;883,10;3641,88;um;Spot;Position;1;71
1670,62;991,40;3641,58;um;Spot;Position;1;72
1675,52;992,50;3641,36;um;Spot;Position;1;73
1672,07;902,35;3643,34;um;Spot;Position;1;74
1673,76;911,25;3645,17;um;Spot;Position;1;75
1672,65;915,06;3643,72;um;Spot;Position;1;76
1661,82;986,59;3644,04;um;Spot;Position;1;77
1661,87;993,29;3644,20;um;Spot;Position;1;78
1666,00;1006,07;3643,76;um;Spot;Position;1;79
1671,93;1004,11;3647,13;um;Spot;Position;1;80
1681,58;883,58;3650,69;um;Spot;Position;1;81
1672,10;902,42;3651,02;um;Spot;Position;1;82
1717,05;1004,92;3653,50;um;Spot;Position;1;83
1662,47;987,08;3655,52;um;Spot;Position;1;84
1672,37;1004,83;3655,02;um;Spot;Position;1;85
1756,89;1051,78;3657,06;um;Spot;Position;1;86
1713,66;1012,60;3657,91;um;Spot;Position;1;87
1717,11;1004,97;3662,15;um;Spot;Position;1;88
1713,75;1012,95;3665,26;um;Spot;Position;1;89
1818,54;932,65;3670,67;um;Spot;Position;1;90
1832,09;1021,39;3671,12;um;Spot;Position;1;91
1835,51;1016,88;3676,07;um;Spot;Position;1;92
1821,64;1027,68;3674,96;um;Spot;Position;1;93
1837,82;1034,12;3676,40;um;Spot;Position;1;94
1817,34;1038,36;3678,46;um;Spot;Position;1;95
1830,45;1040,84;3678,11;um;Spot;Position;1;96
1831,04;1010,51;3681,84;um;Spot;Position;1;97
1843,11;1011,91;3680,29;um;Spot;Position;1;98
1789,97;1014,88;3682,13;um;Spot;Position;1;99
1816,82;1019,53;3680,66;um;Spot;Position;1;100
1804,17;1026,14;3681,91;um;Spot;Position;1;101
1841,77;1042,35;3681,13;um;Spot;Position;1;102
1794,16;1006,26;3685,77;um;Spot;Position;1;103
1823,25;1017,18;3685,64;um;Spot;Position;1;104
1843,60;1024,80;3687,15;um;Spot;Position;1;105
1805,88;1032,98;3684,19;um;Spot;Position;1;106
1838,40;1010,53;3688,78;um;Spot;Position;1;107
1782,86;1016,18;3688,98;um;Spot;Position;1;108
1713,15;962,73;3694,38;um;Spot;Position;1;109
1812,54;1002,84;3693,03;um;Spot;Position;1;110
1693,63;1001,82;3698,71;um;Spot;Position;1;111
1829,56;1010,19;3695,54;um;Spot;Position;1;112
1792,82;1019,80;3695,37;um;Spot;Position;1;113
589,36;1118,23;3689,62;um;Spot;Position;1;114
898,18;1698,01;3681,91;um;Spot;Position;1;115
1540,20;1886,06;3663,06;um;Spot;Position;1;116
1146,87;470,18;3734,13;um;Spot;Position;1;117
718,24;759,81;3704,80;um;Spot;Position;1;118
815,31;666,76;3735,24;um;Spot;Position;1;119
790,47;781,05;3747,63;um;Spot;Position;1;120
1014,11;740,59;3700,42;um;Spot;Position;1;121
931,64;815,15;3714,26;um;Spot;Position;1;122
969,47;719,06;3719,18;um;Spot;Position;1;123
923,19;814,47;3718,05;um;Spot;Position;1;124
1038,16;588,77;3732,42;um;Spot;Position;1;125
887,97;691,80;3747,55;um;Spot;Position;1;126
874,44;693,22;3752,11;um;Spot;Position;1;127
1640,28;757,69;3727,16;um;Spot;Position;1;128
401,28;997,08;3705,95;um;Spot;Position;1;129
400,94;991,25;3708,97;um;Spot;Position;1;130
394,39;997,60;3713,18;um;Spot;Position;1;131
403,02;1006,23;3713,08;um;Spot;Position;1;132
401,50;995,89;3715,56;um;Spot;Position;1;133
403,11;1006,39;3722,42;um;Spot;Position;1;134
394,58;997,88;3725,72;um;Spot;Position;1;135
666,84;953,08;3700,55;um;Spot;Position;1;136
693,08;947,41;3708,99;um;Spot;Position;1;137
666,92;953,76;3707,70;um;Spot;Position;1;138
639,21;1032,70;3708,13;um;Spot;Position;1;139
788,82;922,20;3718,17;um;Spot;Position;1;140
913,46;876,30;3700,81;um;Spot;Position;1;141
905,12;886,91;3699,84;um;Spot;Position;1;142
892,04;913,30;3701,21;um;Spot;Position;1;143
885,34;919,34;3701,30;um;Spot;Position;1;144
958,82;934,49;3700,00;um;Spot;Position;1;145
985,76;942,83;3701,78;um;Spot;Position;1;146
932,21;874,23;3704,99;um;Spot;Position;1;147
907,26;900,86;3704,27;um;Spot;Position;1;148
937,18;943,65;3703,94;um;Spot;Position;1;149
1039,17;946,60;3704,03;um;Spot;Position;1;150
929,22;963,80;3705,58;um;Spot;Position;1;151
884,44;885,39;3708,69;um;Spot;Position;1;152
897,89;906,70;3708,01;um;Spot;Position;1;153
895,22;936,94;3708,18;um;Spot;Position;1;154
938,96;983,41;3712,74;um;Spot;Position;1;155
1056,01;982,49;3710,87;um;Spot;Position;1;156
936,25;859,80;3720,57;um;Spot;Position;1;157
1034,95;967,19;3717,80;um;Spot;Position;1;158
973,92;972,88;3721,27;um;Spot;Position;1;159
966,61;1003,07;3718,74;um;Spot;Position;1;160
928,59;1003,27;3723,60;um;Spot;Position;1;161
983,67;1003,58;3725,76;um;Spot;Position;1;162
959,24;1013,23;3725,30;um;Spot;Position;1;163
957,61;1016,55;3728,33;um;Spot;Position;1;164
963,75;1030,48;3728,72;um;Spot;Position;1;165
1027,40;1105,64;3744,09;um;Spot;Position;1;166
1253,32;902,59;3701,25;um;Spot;Position;1;167
1254,53;918,34;3701,16;um;Spot;Position;1;168
1161,41;936,40;3705,63;um;Spot;Position;1;169
1297,27;934,88;3708,11;um;Spot;Position;1;170
1255,29;898,14;3711,36;um;Spot;Position;1;171
1254,79;919,16;3712,70;um;Spot;Position;1;172
1253,84;903,05;3714,42;um;Spot;Position;1;173
1271,34;921,82;3714,87;um;Spot;Position;1;174
1297,63;935,18;3716,26;um;Spot;Position;1;175
1161,70;936,89;3715,14;um;Spot;Position;1;176
1271,45;922,03;3721,96;um;Spot;Position;1;177
1821,61;996,46;3699,69;um;Spot;Position;1;178
1853,84;1043,06;3718,93;um;Spot;Position;1;179
1903,24;895,99;3722,67;um;Spot;Position;1;180
1767,24;837,76;3727,12;um;Spot;Position;1;181
1871,28;861,79;3752,89;um;Spot;Position;1;182
1814,51;965,25;3759,05;um;Spot;Position;1;183
1645,99;1202,92;3716,61;um;Spot;Position;1;184
1713,84;1177,24;3709,76;um;Spot;Position;1;185
1698,01;1190,00;3710,03;um;Spot;Position;1;186
1698,11;1189,96;3718,77;um;Spot;Position;1;187
1773,89;1231,77;3718,87;um;Spot;Position;1;188
1778,29;1239,27;3719,26;um;Spot;Position;1;189
1778,09;1241,63;3747,15;um;Spot;Position;1;190
1867,34;1233,68;3754,38;um;Spot;Position;1;191
1820,39;1267,86;3755,01;um;Spot;Position;1;192
1937,05;1166,14;3753,81;um;Spot;Position;1;193
807,32;509,11;3813,65;um;Spot;Position;1;194
1020,68;537,48;3762,04;um;Spot;Position;1;195
1000,07;533,86;3774,91;um;Spot;Position;1;196
948,46;499,81;3808,08;um;Spot;Position;1;197
813,28;634,38;3763,95;um;Spot;Position;1;198
827,45;681,57;3789,06;um;Spot;Position;1;199
786,15;623,66;3815,34;um;Spot;Position;1;200
832,99;730,36;3761,73;um;Spot;Position;1;201
885,50;642,54;3765,29;um;Spot;Position;1;202
969,54;569,61;3768,78;um;Spot;Position;1;203
858,91;633,94;3784,78;um;Spot;Position;1;204
1641,73;684,21;3772,39;um;Spot;Position;1;205
1555,29;599,87;3810,11;um;Spot;Position;1;206
1784,58;764,09;3782,37;um;Spot;Position;1;207
962,99;876,54;3787,58;um;Spot;Position;1;208
1516,42;919,79;3764,80;um;Spot;Position;1;209
1959,54;973,71;3768,49;um;Spot;Position;1;210
2007,11;913,31;3776,20;um;Spot;Position;1;211
1105,80;1143,48;3764,68;um;Spot;Position;1;212
1091,35;1136,35;3770,13;um;Spot;Position;1;213
1001,90;1228,91;3779,49;um;Spot;Position;1;214
1767,79;1306,70;3776,91;um;Spot;Position;1;215
1669,96;1279,51;3778,51;um;Spot;Position;1;216
1689,39;1343,70;3810,48;um;Spot;Position;1;217
1676,68;1306,72;3815,55;um;Spot;Position;1;218
1464,19;1483,93;3767,33;um;Spot;Position;1;219
749,05;550,74;3847,34;um;Spot;Position;1;220
733,66;529,57;3853,50;um;Spot;Position;1;221
718,15;542,62;3868,36;um;Spot;Position;1;222
925,55;529,83;3822,53;um;Spot;Position;1;223
878,41;542,80;3847,83;um;Spot;Position;1;224
947,08;370,69;3861,31;um;Spot;Position;1;225
891,53;504,67;3863,02;um;Spot;Position;1;226
1064,59;398,73;3874,79;um;Spot;Position;1;227
1298,55;450,74;3855,20;um;Spot;Position;1;228
1306,37;450,90;3858,52;um;Spot;Position;1;229
578,25;736,00;3859,02;um;Spot;Position;1;230
1043,01;766,30;3828,82;um;Spot;Position;1;231
1360,77;759,95;3847,86;um;Spot;Position;1;232
340,43;1047,33;3821,30;um;Spot;Position;1;233
1953,08;954,63;3843,90;um;Spot;Position;1;234
857,08;1172,72;3851,50;um;Spot;Position;1;235
1689,56;1343,74;3819,67;um;Spot;Position;1;236
1837,61;1363,85;3840,73;um;Spot;Position;1;237
1829,90;1378,16;3842,69;um;Spot;Position;1;238
1896,88;1382,39;3850,39;um;Spot;Position;1;239
1873,84;1381,26;3865,23;um;Spot;Position;1;240
1861,33;1377,01;3869,19;um;Spot;Position;1;241
1905,40;1321,95;3876,80;um;Spot;Position;1;242
2030,45;1198,58;3868,82;um;Spot;Position;1;243
1054,42;1387,63;3843,71;um;Spot;Position;1;244
1001,39;1403,93;3873,37;um;Spot;Position;1;245
1702,15;1385,00;3860,98;um;Spot;Position;1;246
1825,41;1389,67;3875,74;um;Spot;Position;1;247
1836,41;1391,88;3873,21;um;Spot;Position;1;248
1813,84;1393,35;3873,69;um;Spot;Position;1;249
1849,91;1397,80;3879,32;um;Spot;Position;1;250
1830,83;1400,30;3879,32;um;Spot;Position;1;251
740,45;446,40;3889,49;um;Spot;Position;1;252
671,78;523,08;3896,72;um;Spot;Position;1;253
698,13;533,53;3896,58;um;Spot;Position;1;254
903,71;498,58;3889,72;um;Spot;Position;1;255
876,57;523,11;3923,30;um;Spot;Position;1;256
860,70;470,46;3933,36;um;Spot;Position;1;257
830,93;510,38;3939,20;um;Spot;Position;1;258
1161,87;740,36;3896,80;um;Spot;Position;1;259
1142,43;772,77;3908,15;um;Spot;Position;1;260
1687,58;1382,17;3881,48;um;Spot;Position;1;261
749,54;1423,28;3889,43;um;Spot;Position;1;262
716,71;1401,89;3905,43;um;Spot;Position;1;263
837,69;1395,33;3895,78;um;Spot;Position;1;264
1035,89;1408,11;3901,50;um;Spot;Position;1;265
967,26;1494,87;3923,23;um;Spot;Position;1;266
960,94;1579,14;3924,30;um;Spot;Position;1;267
881,54;1595,89;3933,76;um;Spot;Position;1;268
1164,05;1475,31;3904,32;um;Spot;Position;1;269
1213,68;1557,49;3934,52;um;Spot;Position;1;270
1810,93;1400,65;3884,67;um;Spot;Position;1;271
1855,73;1407,36;3889,47;um;Spot;Position;1;272
1711,06;1426,65;3887,99;um;Spot;Position;1;273
1830,13;1389,34;3892,90;um;Spot;Position;1;274
1855,99;1401,43;3892,58;um;Spot;Position;1;275
1702,18;1408,15;3891,66;um;Spot;Position;1;276
1849,68;1411,07;3911,05;um;Spot;Position;1;277
1706,62;1420,53;3910,63;um;Spot;Position;1;278
1773,17;1430,63;3910,32;um;Spot;Position;1;279
1812,55;1410,78;3915,29;um;Spot;Position;1;280
1808,41;1422,26;3922,92;um;Spot;Position;1;281
1767,97;1427,55;3923,51;um;Spot;Position;1;282
1785,17;1429,05;3923,62;um;Spot;Position;1;283
1835,61;1423,44;3926,68;um;Spot;Position;1;284
1702,75;1394,77;3930,44;um;Spot;Position;1;285
1846,00;1434,52;3935,91;um;Spot;Position;1;286
1854,29;1441,77;3934,84;um;Spot;Position;1;287
814,03;421,45;3944,34;um;Spot;Position;1;288
738,36;448,39;3948,26;um;Spot;Position;1;289
710,50;506,92;3952,22;um;Spot;Position;1;290
728,51;493,14;3964,93;um;Spot;Position;1;291
778,72;455,96;3967,26;um;Spot;Position;1;292
806,49;491,26;3975,63;um;Spot;Position;1;293
718,68;427,40;3991,50;um;Spot;Position;1;294
772,75;503,10;3990,80;um;Spot;Position;1;295
634,46;554,44;3979,84;um;Spot;Position;1;296
919,82;718,75;3972,16;um;Spot;Position;1;297
1192,15;779,32;3941,96;um;Spot;Position;1;298
1334,85;714,47;3956,99;um;Spot;Position;1;299
1492,60;772,76;3953,45;um;Spot;Position;1;300
249,68;893,82;3975,95;um;Spot;Position;1;301
301,61;975,97;3969,50;um;Spot;Position;1;302
353,42;1040,83;3987,35;um;Spot;Position;1;303
1886,08;1060,30;3990,98;um;Spot;Position;1;304
1372,26;1621,72;3961,79;um;Spot;Position;1;305
1655,29;1411,09;3998,97;um;Spot;Position;1;306
1758,81;1436,29;3946,35;um;Spot;Position;1;307
1745,75;1447,20;3950,88;um;Spot;Position;1;308
1728,93;1459,23;3949,38;um;Spot;Position;1;309
1704,56;1475,30;3952,38;um;Spot;Position;1;310
1735,72;1451,21;3957,67;um;Spot;Position;1;311
1716,61;1457,69;3955,86;um;Spot;Position;1;312
1738,50;1462,28;3961,44;um;Spot;Position;1;313
1841,51;1459,62;3973,43;um;Spot;Position;1;314
1865,06;1442,50;3976,56;um;Spot;Position;1;315
1744,99;1453,34;3974,57;um;Spot;Position;1;316
1699,47;1440,73;3979,69;um;Spot;Position;1;317
1896,85;1447,28;3980,74;um;Spot;Position;1;318
1728,58;1464,32;3978,20;um;Spot;Position;1;319
1745,60;1470,08;3982,96;um;Spot;Position;1;320
1854,31;1454,83;3988,89;um;Spot;Position;1;321
1723,10;1470,90;3993,92;um;Spot;Position;1;322
1727,68;1472,86;3998,78;um;Spot;Position;1;323
993,17;1663,39;3980,48;um;Spot;Position;1;324
593,46;481,00;4009,87;um;Spot;Position;1;325
729,33;458,63;4049,17;um;Spot;Position;1;326
1068,96;965,14;4021,06;um;Spot;Position;1;327
407,48;1302,42;4006,12;um;Spot;Position;1;328
2002,72;1363,03;4002,35;um;Spot;Position;1;329
863,43;1622,57;4002,79;um;Spot;Position;1;330
1274,47;1629,39;4037,04;um;Spot;Position;1;331
1575,45;1474,45;4002,38;um;Spot;Position;1;332
1613,09;1453,47;4039,98;um;Spot;Position;1;333
1568,83;1572,47;4054,71;um;Spot;Position;1;334
1661,20;1516,40;4010,06;um;Spot;Position;1;335
1678,08;1509,03;4012,95;um;Spot;Position;1;336
1666,09;1399,92;4017,07;um;Spot;Position;1;337
1784,62;1477,46;4019,31;um;Spot;Position;1;338
1714,94;1484,26;4018,17;um;Spot;Position;1;339
1701,11;1494,80;4019,29;um;Spot;Position;1;340
1894,10;1448,86;4022,75;um;Spot;Position;1;341
1813,30;1471,04;4019,46;um;Spot;Position;1;342
1719,29;1491,15;4019,78;um;Spot;Position;1;343
1715,02;1488,31;4025,56;um;Spot;Position;1;344
1736,05;1494,00;4027,09;um;Spot;Position;1;345
1726,76;1496,29;4029,27;um;Spot;Position;1;346
1924,94;1563,91;4029,90;um;Spot;Position;1;347
1705,15;1484,43;4032,40;um;Spot;Position;1;348
1749,94;1479,79;4035,72;um;Spot;Position;1;349
1763,42;1484,13;4037,49;um;Spot;Position;1;350
1734,62;1488,69;4035,47;um;Spot;Position;1;351
1730,39;1501,76;4036,09;um;Spot;Position;1;352
1724,91;1492,51;4043,90;um;Spot;Position;1;353
1722,13;1471,16;4051,40;um;Spot;Position;1;354
1763,17;1485,56;4052,84;um;Spot;Position;1;355
1937,90;1568,35;4029,12;um;Spot;Position;1;356
722,28;459,44;4066,45;um;Spot;Position;1;357
775,32;466,70;4064,78;um;Spot;Position;1;358
290,72;818,22;4092,73;um;Spot;Position;1;359
647,44;560,45;4107,00;um;Spot;Position;1;360
236,63;833,33;4115,52;um;Spot;Position;1;361
278,16;1266,91;4120,84;um;Spot;Position;1;362
619,33;1192,18;4115,58;um;Spot;Position;1;363
1038,69;1116,50;4119,23;um;Spot;Position;1;364
1522,79;1235,39;4081,45;um;Spot;Position;1;365
1764,99;1298,07;4062,80;um;Spot;Position;1;366
1705,61;1360,81;4089,58;um;Spot;Position;1;367
573,92;1492,62;4092,84;um;Spot;Position;1;368
580,70;1505,46;4107,18;um;Spot;Position;1;369
848,52;1442,89;4092,55;um;Spot;Position;1;370
1758,97;1454,26;4066,15;um;Spot;Position;1;371
1750,49;1471,27;4071,49;um;Spot;Position;1;372
1823,16;1598,91;4070,60;um;Spot;Position;1;373
1717,11;1412,89;4077,25;um;Spot;Position;1;374
1828,27;1474,84;4078,43;um;Spot;Position;1;375
1716,56;1453,78;4082,63;um;Spot;Position;1;376
1703,20;1430,75;4083,82;um;Spot;Position;1;377
1732,43;1400,39;4087,82;um;Spot;Position;1;378
1706,05;1438,97;4088,03;um;Spot;Position;1;379
1757,15;1424,25;4094,10;um;Spot;Position;1;380
1739,09;1415,05;4098,21;um;Spot;Position;1;381
1715,91;1408,91;4100,22;um;Spot;Position;1;382
1730,99;1424,01;4100,10;um;Spot;Position;1;383
1738,94;1433,93;4099,31;um;Spot;Position;1;384
1746,31;1446,88;4099,55;um;Spot;Position;1;385
1733,04;1418,82;4105,44;um;Spot;Position;1;386
1799,19;1579,46;4105,69;um;Spot;Position;1;387
1801,07;1584,80;4105,23;um;Spot;Position;1;388
1733,25;1425,05;4106,13;um;Spot;Position;1;389
1737,39;1426,91;4106,95;um;Spot;Position;1;390
1770,85;1465,00;4111,58;um;Spot;Position;1;391
1812,93;1490,90;4113,03;um;Spot;Position;1;392
1764,65;1578,72;4112,78;um;Spot;Position;1;393
1793,40;1591,83;4112,69;um;Spot;Position;1;394
1789,50;1554,45;4115,51;um;Spot;Position;1;395
1773,61;1575,61;4116,84;um;Spot;Position;1;396
1760,64;1583,38;4116,48;um;Spot;Position;1;397
1793,22;1599,12;4116,06;um;Spot;Position;1;398
1771,20;1585,13;4120,65;um;Spot;Position;1;399
1775,68;1587,02;4118,48;um;Spot;Position;1;400
1799,31;1624,53;4117,84;um;Spot;Position;1;401
1345,24;1739,37;4112,75;um;Spot;Position;1;402
733,97;525,94;4164,19;um;Spot;Position;1;403
631,19;557,23;4168,71;um;Spot;Position;1;404
1751,30;1369,05;4152,23;um;Spot;Position;1;405
1654,96;1399,71;4161,33;um;Spot;Position;1;406
1738,23;1427,18;4124,82;um;Spot;Position;1;407
1790,56;1653,33;4126,90;um;Spot;Position;1;408
1782,16;1455,50;4128,71;um;Spot;Position;1;409
1793,94;1433,39;4134,17;um;Spot;Position;1;410
1788,52;1654,46;4134,91;um;Spot;Position;1;411
1765,70;1435,88;4139,54;um;Spot;Position;1;412
1782,42;1455,65;4144,15;um;Spot;Position;1;413
1723,86;1456,10;4149,16;um;Spot;Position;1;414
1727,79;1468,64;4149,52;um;Spot;Position;1;415
1751,69;1484,56;4149,42;um;Spot;Position;1;416
1795,03;1433,64;4152,19;um;Spot;Position;1;417
1718,89;1464,68;4154,66;um;Spot;Position;1;418
1747,83;1488,30;4153,87;um;Spot;Position;1;419
1765,66;1435,91;4156,16;um;Spot;Position;1;420
1719,59;1471,22;4155,66;um;Spot;Position;1;421
1738,83;1478,00;4155,48;um;Spot;Position;1;422
1687,33;1448,71;4162,00;um;Spot;Position;1;423
1733,80;1487,60;4162,20;um;Spot;Position;1;424
1740,33;1654,33;4160,04;um;Spot;Position;1;425
1712,98;1459,67;4163,34;um;Spot;Position;1;426
1697,60;1473,76;4165,66;um;Spot;Position;1;427
1716,55;1475,08;4163,02;um;Spot;Position;1;428
1721,29;1488,84;4165,14;um;Spot;Position;1;429
1704,15;1455,10;4167,33;um;Spot;Position;1;430
1721,14;1468,50;4169,31;um;Spot;Position;1;431
1711,28;1474,01;4168,54;um;Spot;Position;1;432
1748,02;1518,36;4167,69;um;Spot;Position;1;433
1693,73;1474,14;4171,63;um;Spot;Position;1;434
1697,23;1492,76;4173,30;um;Spot;Position;1;435
1711,47;1469,11;4176,27;um;Spot;Position;1;436
1700,39;1498,21;4175,21;um;Spot;Position;1;437
1683,32;1455,63;4181,02;um;Spot;Position;1;438
1699,73;1468,28;4179,95;um;Spot;Position;1;439
1726,36;1521,00;4180,61;um;Spot;Position;1;440
1179,19;1883,90;4141,86;um;Spot;Position;1;441
694,44;552,72;4197,43;um;Spot;Position;1;442
466,19;734,55;4217,84;um;Spot;Position;1;443
375,48;779,02;4218,57;um;Spot;Position;1;444
433,67;755,24;4220,72;um;Spot;Position;1;445
456,55;716,52;4226,05;um;Spot;Position;1;446
408,61;769,75;4230,10;um;Spot;Position;1;447
361,74;785,28;4227,14;um;Spot;Position;1;448
344,68;735,73;4240,25;um;Spot;Position;1;449
413,65;792,87;4240,35;um;Spot;Position;1;450
642,68;623,58;4198,45;um;Spot;Position;1;451
622,23;637,36;4223,18;um;Spot;Position;1;452
809,57;1094,90;4190,93;um;Spot;Position;1;453
254,43;1276,12;4199,32;um;Spot;Position;1;454
251,63;1270,91;4202,58;um;Spot;Position;1;455
2013,60;1356,46;4202,16;um;Spot;Position;1;456
658,55;1492,60;4195,16;um;Spot;Position;1;457
1656,25;1464,07;4181,71;um;Spot;Position;1;458
1658,33;1460,63;4200,68;um;Spot;Position;1;459
1525,86;1605,05;4216,21;um;Spot;Position;1;460
1593,65;1566,30;4224,16;um;Spot;Position;1;461
1646,46;1532,03;4235,82;um;Spot;Position;1;462
1627,17;1544,60;4237,71;um;Spot;Position;1;463
1681,36;1489,72;4183,82;um;Spot;Position;1;464
1718,80;1527,71;4184,22;um;Spot;Position;1;465
1732,44;1533,09;4182,38;um;Spot;Position;1;466
1663,31;1462,50;4188,33;um;Spot;Position;1;467
1669,33;1482,32;4187,05;um;Spot;Position;1;468
1721,62;1468,78;4192,05;um;Spot;Position;1;469
1711,18;1473,67;4189,24;um;Spot;Position;1;470
1665,32;1468,88;4193,40;um;Spot;Position;1;471
1689,35;1503,87;4193,09;um;Spot;Position;1;472
1664,88;1472,91;4196,85;um;Spot;Position;1;473
1732,64;1533,48;4197,19;um;Spot;Position;1;474
1682,88;1554,64;4197,14;um;Spot;Position;1;475
1683,86;1548,90;4200,96;um;Spot;Position;1;476
1668,30;1562,37;4205,31;um;Spot;Position;1;477
1684,33;1549,15;4213,28;um;Spot;Position;1;478
1903,34;1527,22;4239,93;um;Spot;Position;1;479
427,10;765,64;4272,70;um;Spot;Position;1;480
478,47;768,19;4289,90;um;Spot;Position;1;481
563,39;692,37;4250,79;um;Spot;Position;1;482
626,09;689,02;4259,16;um;Spot;Position;1;483
578,34;699,64;4257,42;um;Spot;Position;1;484
699,18;669,69;4270,82;um;Spot;Position;1;485
565,29;656,08;4277,54;um;Spot;Position;1;486
1313,21;1062,49;4262,41;um;Spot;Position;1;487
1769,33;896,01;4288,88;um;Spot;Position;1;488
591,84;1342,08;4248,82;um;Spot;Position;1;489
1595,57;1527,16;4242,44;um;Spot;Position;1;490
1616,22;1546,75;4247,26;um;Spot;Position;1;491
1646,48;1532,42;4249,89;um;Spot;Position;1;492
1609,70;1556,99;4251,06;um;Spot;Position;1;493
1627,40;1533,69;4255,71;um;Spot;Position;1;494
1594,82;1527,21;4261,27;um;Spot;Position;1;495
1595,18;1550,24;4264,02;um;Spot;Position;1;496
1584,69;1534,40;4276,81;um;Spot;Position;1;497
1579,08;1501,96;4279,91;um;Spot;Position;1;498
1594,26;1548,73;4281,22;um;Spot;Position;1;499
1564,37;1522,30;4286,28;um;Spot;Position;1;500
1553,54;1545,27;4283,58;um;Spot;Position;1;501
1565,64;1567,97;4293,90;um;Spot;Position;1;502
1570,44;1563,68;4295,62;um;Spot;Position;1;503
1490,58;1591,03;4295,99;um;Spot;Position;1;504
55,14;1760,69;4258,71;um;Spot;Position;1;505
816,21;817,89;4315,50;um;Spot;Position;1;506
790,59;787,47;4319,59;um;Spot;Position;1;507
794,64;791,66;4326,11;um;Spot;Position;1;508
815,98;819,20;4328,89;um;Spot;Position;1;509
751,01;869,86;4342,68;um;Spot;Position;1;510
716,25;1325,65;4306,90;um;Spot;Position;1;511
625,85;1340,60;4311,79;um;Spot;Position;1;512
717,06;1325,64;4321,20;um;Spot;Position;1;513
924,13;1233,24;4360,60;um;Spot;Position;1;514
795,79;1535,36;4330,19;um;Spot;Position;1;515
762,04;1523,93;4335,51;um;Spot;Position;1;516
1553,65;1525,18;4304,20;um;Spot;Position;1;517
1539,58;1494,58;4308,45;um;Spot;Position;1;518
1500,98;1519,01;4322,07;um;Spot;Position;1;519
1507,46;1481,62;4330,58;um;Spot;Position;1;520
1513,64;1543,87;4339,01;um;Spot;Position;1;521
1506,41;1459,15;4348,89;um;Spot;Position;1;522
1466,33;1462,37;4348,50;um;Spot;Position;1;523
1462,40;1553,14;4350,34;um;Spot;Position;1;524
1459,97;1533,33;4351,83;um;Spot;Position;1;525
1507,06;1460,26;4356,07;um;Spot;Position;1;526
625,63;1099,39;4394,48;um;Spot;Position;1;527
835,63;982,81;4383,20;um;Spot;Position;1;528
863,73;1029,87;4395,26;um;Spot;Position;1;529
947,40;1041,12;4397,58;um;Spot;Position;1;530
947,90;1077,35;4416,50;um;Spot;Position;1;531
1237,55;1066,78;4386,90;um;Spot;Position;1;532
385,20;1130,21;4371,19;um;Spot;Position;1;533
1064,30;1159,97;4409,99;um;Spot;Position;1;534
1341,93;1337,02;4419,34;um;Spot;Position;1;535
1346,84;1347,29;4421,25;um;Spot;Position;1;536
1356,80;1350,72;4419,71;um;Spot;Position;1;537
1404,36;1380,79;4388,01;um;Spot;Position;1;538
1423,66;1379,09;4397,64;um;Spot;Position;1;539
1405,41;1380,79;4399,02;um;Spot;Position;1;540
1395,82;1381,62;4405,42;um;Spot;Position;1;541
1388,49;1369,87;4413,44;um;Spot;Position;1;542
1690,80;1365,47;4412,89;um;Spot;Position;1;543
1322,48;1637,43;4388,20;um;Spot;Position;1;544
1337,42;1619,15;4388,84;um;Spot;Position;1;545
1451,84;1442,30;4367,59;um;Spot;Position;1;546
1476,25;1432,75;4371,04;um;Spot;Position;1;547
1429,33;1417,55;4376,74;um;Spot;Position;1;548
1468,21;1403,67;4380,36;um;Spot;Position;1;549
1430,01;1401,41;4384,54;um;Spot;Position;1;550
1438,85;1420,57;4384,92;um;Spot;Position;1;551
1443,21;1384,61;4386,09;um;Spot;Position;1;552
1421,66;1395,26;4389,76;um;Spot;Position;1;553
1468,37;1403,89;4390,51;um;Spot;Position;1;554
1416,97;1385,80;4396,94;um;Spot;Position;1;555
1402,56;1400,13;4401,26;um;Spot;Position;1;556
1994,15;46,47;4477,38;um;Spot;Position;1;557
2004,94;340,46;4439,69;um;Spot;Position;1;558
1031,29;1103,60;4425,57;um;Spot;Position;1;559
1261,81;1185,75;4434,69;um;Spot;Position;1;560
1330,59;1286,60;4442,60;um;Spot;Position;1;561
1148,60;1185,36;4446,56;um;Spot;Position;1;562
1398,02;1343,26;4428,74;um;Spot;Position;1;563